<?xml version="1.0" encoding="UTF-8"?>
<configurationDescriptor version="51">
  <logicalFolder name="root" displayName="root" projectFiles="true">
    <logicalFolder name="HeaderFiles"
                   displayName="Header Files"
                   projectFiles="true">
      <itemPath>toljavajni.h</itemPath>
    </logicalFolder>
    <logicalFolder name="ResourceFiles"
                   displayName="Resource Files"
                   projectFiles="true">
    </logicalFolder>
    <logicalFolder name="SourceFiles"
                   displayName="Source Files"
                   projectFiles="true">
      <itemPath>toljavajni.cpp</itemPath>
    </logicalFolder>
    <logicalFolder name="ExternalFiles"
                   displayName="Important Files"
                   projectFiles="false">
      <itemPath>Makefile</itemPath>
    </logicalFolder>
  </logicalFolder>
  <projectmakefile>Makefile</projectmakefile>
  <confs>
    <conf name="Debug" type="2">
      <toolsSet>
        <developmentServer>localhost</developmentServer>
        <compilerSet>GNU|GNU</compilerSet>
        <platform>2</platform>
      </toolsSet>
      <compileType>
        <ccCompilerTool>
          <includeDirectories>
            <directoryPath>/usr/lib/jvm/java-6-sun-1.6.0.24/include</directoryPath>
            <directoryPath>/usr/lib/jvm/java-6-sun-1.6.0.24/include/linux</directoryPath>
            <directoryPath>/usr/local/tol-gcc-release/include</directoryPath>
          </includeDirectories>
          <commandLine>-D"__USE_HASH_MAP__=__HASH_MAP_GOOGLE__" -D"__USE_POOL__=__POOL_BFSMEM__" -DHAVE_CONFIG_H -DUSE_DELAY_INIT -D_USE_MM_IO_ -D__HASH_MAP_GCC__=3 -D__HASH_MAP_GOOGLE__=2 -D__HASH_MAP_ICC__=4 -D__HASH_MAP_MSVC__=1 -D__POOL_BFSMEM__=1 -D__POOL_NONE__=0 -D__USE_DYNSCOPE__ -D__USE_ZIP_ARCHIVE__</commandLine>
        </ccCompilerTool>
        <linkerTool>
          <linkerLibItems>
          </linkerLibItems>
        </linkerTool>
      </compileType>
      <item path="toljavajni.cpp">
        <itemTool>1</itemTool>
      </item>
      <item path="toljavajni.h">
        <itemTool>3</itemTool>
      </item>
    </conf>
    <conf name="Release" type="2">
      <toolsSet>
        <developmentServer>localhost</developmentServer>
        <compilerSet>GNU|GNU</compilerSet>
        <platform>2</platform>
      </toolsSet>
      <compileType>
        <cCompilerTool>
          <developmentMode>5</developmentMode>
        </cCompilerTool>
        <ccCompilerTool>
          <developmentMode>5</developmentMode>
          <architecture>1</architecture>
          <includeDirectories>
            <directoryPath>/usr/lib/jvm/java-6-sun-1.6.0.24/include</directoryPath>
            <directoryPath>/usr/lib/jvm/java-6-sun-1.6.0.24/include/linux</directoryPath>
            <directoryPath>/usr/local/tol-gcc-release/include</directoryPath>
          </includeDirectories>
          <commandLine>-D"__USE_HASH_MAP__=__HASH_MAP_GOOGLE__" -D"__USE_POOL__=__POOL_BFSMEM__" -DHAVE_CONFIG_H -DUSE_DELAY_INIT -D_USE_MM_IO_ -D__HASH_MAP_GCC__=3 -D__HASH_MAP_GOOGLE__=2 -D__HASH_MAP_ICC__=4 -D__HASH_MAP_MSVC__=1 -D__POOL_BFSMEM__=1 -D__POOL_NONE__=0 -D__USE_DYNSCOPE__ -D__USE_ZIP_ARCHIVE__</commandLine>
        </ccCompilerTool>
        <fortranCompilerTool>
          <developmentMode>5</developmentMode>
        </fortranCompilerTool>
        <linkerTool>
          <linkerLibItems>
            <linkerLibFileItem>/usr/local/tol-gcc-release/lib/libtol2.0.1.so</linkerLibFileItem>
          </linkerLibItems>
        </linkerTool>
      </compileType>
      <item path="toljavajni.cpp">
        <itemTool>1</itemTool>
      </item>
      <item path="toljavajni.h">
        <itemTool>3</itemTool>
      </item>
    </conf>
  </confs>
</configurationDescriptor>
